Flow Rate (m^3 / min),Tau's,Time (min),Ca'_analyt,Ca'_euler,difference in Ca'from models
0.085,6.588333333333389,46.9000000000004,0.28773341282047893,0.24690928601216555,0.04082412680831338
0.1,6.642857142857198,45.00000000000037,0.3221539741681452,0.26463963469861956,0.05751433946952561
0.25,7.0533333333333745,32.20000000000019,0.542998006252772,0.3832147964310129,0.15978320982175903
0.5,7.505714285714301,22.200000000000045,0.7038247579208474,0.4918909012143858,0.21193385670646164
1,8.066666666666647,13.999999999999966,0.8261715362157758,0.6096907905838858,0.21648074563189001
2,8.73476190476189,8.299999999999986,0.9048156110915587,0.7244585139420984,0.18035709714946035
5,9.923809523809528,4.000000000000002,0.9596326391285269,0.8487283884208655,0.11090425070766141
10,11.182380952380957,2.3000000000000007,0.9794097639694511,0.912559656167408,0.06685010780204315
