Step Size,Drain Time (seconds)
5,30.0
2,34.0
1,36.0
0.5,36.5
0.1,37.40000000000026
0.01,37.670000000001075
0.001,37.70700000000282
1e-05,37.7120400007708
